<?xml version="1.0" encoding="UTF-8"?>
<project-private xmlns="http://www.netbeans.org/ns/project-private/1">
    <editor-bookmarks xmlns="http://www.netbeans.org/ns/editor-bookmarks/2" lastBookmarkId="0"/>
    <open-files xmlns="http://www.netbeans.org/ns/projectui-open-files/2">
        <group>
            <file>file:/C:/Users/M0zs/Desktop/الترم%20الخامس/مجلد%20جديد%20(2)/NetBeansProjects/project_OOP2/src/project_oop2/JF_W2.java</file>
            <file>file:/C:/Users/M0zs/Desktop/الترم%20الخامس/مجلد%20جديد%20(2)/NetBeansProjects/project_OOP2/src/project_oop2/Project_OOP2.java</file>
        </group>
    </open-files>
</project-private>
